{
	"name": "No-More-DMG-Buttons",
	"title": "No More DMG Buttons",
	"description": "Removes DMG buttons for players",

	"version": "1.0.0",
	"author": "Co0n",
	"authors": [
		{ "name": "Co0n", "url": "", "discord": "Co0n#7065" },
	]

	"esmodules": [ "NoMoreDMGButtons.mjs" ],
	"styles": ["NoMoreDMGButtons.css"],

	"system": ["pf1"],
	"minimumSystemVersion": "0.79.4",

	"minimumCoreVersion": "0.8.9",
	"compatibleCoreVersion": "0.8.9",

	"license": "LICENSE",
	"readme": "README.md",

	"manifest": "https://raw.githubusercontent.com/Co0nmz/NoMoreDMGButtons/main/module.json",
	"download": "https://raw.githubusercontent.com/Co0nmz/NoMoreDMGButtons/main/NoMoreDMGButtons.zip"
}
